{
    "calib_points": [
        [
            618,
            252
        ],
        [
            806,
            450
        ],
        [
            483,
            718
        ],
        [
            230,
            326
        ]
    ],
    "intrusion_points": [
        [
            570,
            214
        ],
        [
            702,
            327
        ],
        [
            814,
            452
        ],
        [
            648,
            606
        ],
        [
            569,
            673
        ],
        [
            472,
            715
        ],
        [
            191,
            713
        ],
        [
            78,
            428
        ],
        [
            54,
            259
        ],
        [
            206,
            238
        ],
        [
            490,
            210
        ],
        [
            534,
            211
        ]
    ],
    "dst": [
        [
            0.33000001311302185,
            0.6100000143051147
        ],
        [
            0.7699999809265137,
            0.6100000143051147
        ],
        [
            0.7699999809265137,
            0.8899999856948853
        ],
        [
            0.33000001311302185,
            0.8899999856948853
        ]
    ],
    "dst_size": [
        800,
        1080
    ]
}