{
    "calib_points": [
        [
            282.0,
            429.0
        ],
        [
            652.0,
            371.0
        ],
        [
            886.0,
            447.0
        ],
        [
            525.0,
            550.0
        ]
    ],
    "intrusion_points": [
        [
            245.0,
            331.0
        ],
        [
            483.0,
            322.0
        ],
        [
            493.0,
            338.0
        ],
        [
            510.0,
            338.0
        ],
        [
            589.0,
            367.0
        ],
        [
            651.0,
            369.0
        ],
        [
            614.0,
            431.0
        ],
        [
            287.0,
            432.0
        ],
        [
            220.0,
            353.0
        ]
    ],
    "dst": [
        [
            0.20000000298023224,
            0.7900000214576721
        ],
        [
            0.6000000238418579,
            0.7900000214576721
        ],
        [
            0.6000000238418579,
            0.8700000047683716
        ],
        [
            0.20000000298023224,
            0.8700000047683716
        ]
    ],
    "dst_size": [
        800,
        1080
    ]
}