{
    "intrusion_points": [
        [
            214,
            350
        ],
        [
            210,
            331
        ],
        [
            237,
            332
        ],
        [
            482,
            324
        ],
        [
            497,
            338
        ],
        [
            601,
            370
        ],
        [
            654,
            372
        ],
        [
            768,
            407
        ],
        [
            569,
            546
        ],
        [
            283,
            430
        ],
        [
            246,
            381
        ]
    ],
    "calib_points": [
        [
            205,
            333
        ],
        [
            481,
            323
        ],
        [
            942,
            464
        ],
        [
            629,
            574
        ]
    ],
    "dst": [
        [
            0.2800000011920929,
            0.6299999952316284
        ],
        [
            0.8299999833106995,
            0.6299999952316284
        ],
        [
            0.8299999833106995,
            0.8999999761581421
        ],
        [
            0.2800000011920929,
            0.8999999761581421
        ]
    ],
    "dst_size": [
        800,
        1080
    ]
}