{
    "intrusion_points": [
        [
            222,
            332
        ],
        [
            488,
            324
        ],
        [
            491,
            339
        ],
        [
            510,
            341
        ],
        [
            583,
            366
        ],
        [
            657,
            370
        ],
        [
            767,
            402
        ],
        [
            568,
            548
        ],
        [
            282,
            430
        ],
        [
            228,
            366
        ]
    ],
    "calib_points": [
        [
            221,
            333
        ],
        [
            486,
            324
        ],
        [
            762,
            404
        ],
        [
            494,
            444
        ]
    ],
    "dst": [
        [
            0.2800000011920929,
            0.7599999904632568
        ],
        [
            0.5600000023841858,
            0.7599999904632568
        ],
        [
            0.5600000023841858,
            0.8700000047683716
        ],
        [
            0.2800000011920929,
            0.8700000047683716
        ]
    ],
    "dst_size": [
        800,
        1080
    ]
}